date,temp,pres,wspd,wdir,rhum
2020-01-01 00:00:00,6.7,1003.3,4.11,190,76
2020-01-01 01:00:00,6.7,1003.3,3.61,210,76
2020-01-01 02:00:00,5.6,1003.9,6.19,270,76
2020-01-01 03:00:00,5.6,1003.8,5.11,260,73
2020-01-01 04:00:00,5.6,1003.9,6.69,280,64
2020-01-01 05:00:00,5.0,1004.3,7.69,270,60
2020-01-01 06:00:00,4.4,1004.2,6.19,260,62
2020-01-01 07:00:00,3.9,1004.6,6.19,270,67
2020-01-01 08:00:00,3.9,1005.0,4.61,260,64
2020-01-01 09:00:00,3.9,1005.4,5.11,270,59
2020-01-01 10:00:00,3.3,1005.7,5.69,290,62
2020-01-01 11:00:00,2.2,1006.2,4.11,260,75
2020-01-01 12:00:00,2.8,1006.3,4.61,270,61
2020-01-01 13:00:00,2.8,1006.6,5.11,250,59
2020-01-01 14:00:00,3.3,1007.5,6.69,260,52
2020-01-01 15:00:00,3.9,1008.1,7.69,260,46
2020-01-01 16:00:00,4.4,1008.1,8.81,290,44
2020-01-01 17:00:00,4.4,1007.6,8.19,270,43
2020-01-01 18:00:00,4.4,1007.2,9.81,280,41
2020-01-01 19:00:00,3.9,1007.4,8.81,270,42
2020-01-01 20:00:00,3.9,1008.2,9.31,270,42
2020-01-01 21:00:00,3.9,1009.0,7.69,260,44
2020-01-01 22:00:00,3.3,1010.1,7.19,250,48
2020-01-01 23:00:00,3.3,1010.6,5.69,260,48
2020-01-02 00:00:00,2.8,1011.2,6.69,270,50
2020-01-02 01:00:00,2.2,1011.9,6.69,260,50
2020-01-02 02:00:00,1.7,1012.4,3.61,280,52
2020-01-02 03:00:00,1.1,1012.8,2.61,240,54
2020-01-02 04:00:00,-1.1,1013.0,2.61,230,63
2020-01-02 05:00:00,-1.7,1013.2,3.11,220,66
2020-01-02 06:00:00,-2.8,1013.1,2.61,210,69
2020-01-02 07:00:00,-1.7,1013.9,4.61,230,72
2020-01-02 08:00:00,-2.2,1014.1,3.11,230,71
2020-01-02 09:00:00,-2.8,1014.0,2.61,230,75
2020-01-02 10:00:00,-1.7,1014.4,3.61,240,72
2020-01-02 11:00:00,-2.2,1014.8,3.61,230,75
2020-01-02 12:00:00,-1.7,1015.2,5.11,230,75
2020-01-02 13:00:00,-2.2,1015.3,3.11,210,75
2020-01-02 14:00:00,1.1,1015.6,2.61,210,67
2020-01-02 15:00:00,3.3,1015.8,3.11,220,62
2020-01-02 16:00:00,6.1,1015.1,3.61,230,49
2020-01-02 17:00:00,7.8,1014.4,4.11,220,43
2020-01-02 18:00:00,8.9,1013.2,5.69,220,39
2020-01-02 19:00:00,10.0,1012.9,5.11,220,36
2020-01-02 20:00:00,9.4,1012.5,4.61,190,41
2020-01-02 21:00:00,8.9,1012.1,3.61,210,44
2020-01-02 22:00:00,8.3,1012.0,3.11,190,52
2020-01-02 23:00:00,8.3,1012.0,2.61,190,56
2020-01-03 00:00:00,7.8,1011.8,2.61,190,58
2020-01-03 01:00:00,6.7,1011.7,2.61,220,62
2020-01-03 02:00:00,6.1,1011.7,2.61,210,65
2020-01-03 03:00:00,7.2,1011.4,4.11,230,63
2020-01-03 04:00:00,6.7,1010.9,0.0,0,65
2020-01-03 05:00:00,6.7,1010.3,1.5,220,68
2020-01-03 06:00:00,7.2,1009.6,2.11,200,68
2020-01-03 07:00:00,7.8,1010.2,2.11,280,65
2020-01-03 08:00:00,7.8,1009.9,3.61,220,68
2020-01-03 09:00:00,6.7,1009.5,3.11,210,76
2020-01-03 10:00:00,6.7,1010.0,2.61,200,82
2020-01-03 11:00:00,6.7,1010.5,3.61,220,82
2020-01-03 12:00:00,7.2,1009.7,1.5,210,82
2020-01-03 13:00:00,6.7,1010.2,4.11,230,93
2020-01-03 14:00:00,6.7,1010.5,3.61,230,93
2020-01-03 15:00:00,6.7,1010.8,3.61,210,96
2020-01-03 16:00:00,7.2,1009.6,2.11,260,97
2020-01-03 17:00:00,7.8,1008.5,2.61,240,89
2020-01-03 18:00:00,8.3,1007.9,2.11,250,90
2020-01-03 19:00:00,8.3,1008.7,3.61,220,90
2020-01-03 20:00:00,8.9,1008.8,2.61,260,86
2020-01-03 21:00:00,8.9,1008.8,3.11,220,86
2020-01-03 22:00:00,8.9,1009.7,4.61,250,83
2020-01-03 23:00:00,8.9,1009.2,3.11,240,83
2020-01-04 00:00:00,8.9,1009.2,4.11,230,83
2020-01-04 01:00:00,8.9,1010.5,3.61,260,86
2020-01-04 02:00:00,8.9,1010.1,2.61,250,89
2020-01-04 03:00:00,8.9,1010.5,2.61,260,89
2020-01-04 04:00:00,8.3,1009.8,0.0,0,93
2020-01-04 05:00:00,8.3,1009.2,0.0,0,93
2020-01-04 06:00:00,8.3,1008.4,0.0,0,97
2020-01-04 07:00:00,8.3,1007.9,0.0,0,93
2020-01-04 08:00:00,8.3,1007.8,0.0,0,100
2020-01-04 09:00:00,8.3,1007.2,0.0,0,97
2020-01-04 10:00:00,8.3,1006.4,0.0,0,97
2020-01-04 11:00:00,8.3,1005.8,1.5,70,97
2020-01-04 12:00:00,8.3,1005.2,0.0,0,97
2020-01-04 13:00:00,8.9,1004.7,0.0,0,96
2020-01-04 14:00:00,8.9,1004.8,1.5,60,96
2020-01-04 15:00:00,8.9,1004.0,1.5,100,100
2020-01-04 16:00:00,8.9,1003.4,1.5,220,100
2020-01-04 17:00:00,9.4,1002.5,2.11,220,97
2020-01-04 18:00:00,9.4,1000.7,2.11,260,100
2020-01-04 19:00:00,10.0,1000.3,3.11,240,96
2020-01-04 20:00:00,10.6,1000.3,2.61,260,92
2020-01-04 21:00:00,10.6,1000.0,1.5,230,89
2020-01-04 22:00:00,10.6,1000.2,2.61,250,89
2020-01-04 23:00:00,10.6,999.9,3.11,300,89
2020-01-05 00:00:00,11.1,1000.0,6.69,320,77
2020-01-05 01:00:00,8.9,1000.1,7.69,330,77
2020-01-05 02:00:00,7.8,1000.6,4.61,330,73
2020-01-05 03:00:00,6.7,1000.9,6.69,320,76
2020-01-05 04:00:00,6.1,1000.8,7.19,320,76
2020-01-05 05:00:00,5.0,1001.0,7.69,320,73
2020-01-05 06:00:00,5.0,1001.5,7.19,310,67
2020-01-05 07:00:00,4.4,1002.4,7.69,310,65
2020-01-05 08:00:00,3.9,1003.6,8.19,310,59
2020-01-05 09:00:00,3.9,1004.4,8.81,300,55
2020-01-05 10:00:00,3.9,1005.7,8.19,300,52
2020-01-05 11:00:00,3.9,1007.0,7.19,310,46
2020-01-05 12:00:00,3.9,1008.0,7.19,300,52
2020-01-05 13:00:00,3.3,1008.8,8.19,290,52
2020-01-05 14:00:00,4.4,1010.4,10.31,300,46
2020-01-05 15:00:00,3.9,1011.1,10.81,310,55
2020-01-05 16:00:00,5.0,1011.1,9.31,310,46
2020-01-05 17:00:00,5.6,1010.9,11.81,300,43
2020-01-05 18:00:00,5.6,1011.0,9.81,320,43
2020-01-05 19:00:00,5.0,1011.4,8.81,310,43
2020-01-05 20:00:00,6.1,1011.9,9.31,310,38
2020-01-05 21:00:00,5.6,1013.2,7.69,300,39
2020-01-05 22:00:00,4.4,1014.4,4.61,310,43
2020-01-05 23:00:00,3.9,1014.8,7.19,330,44
2020-01-06 00:00:00,3.3,1015.8,5.69,320,44
2020-01-06 01:00:00,2.8,1015.9,4.11,290,44
2020-01-06 02:00:00,2.2,1015.7,2.11,250,48
2020-01-06 03:00:00,2.2,1015.7,2.61,220,50
2020-01-06 04:00:00,2.2,1015.0,2.61,230,48
2020-01-06 05:00:00,2.2,1014.1,6.69,250,54
2020-01-06 06:00:00,0.0,1015.5,3.11,260,85
2020-01-06 07:00:00,0.0,1015.0,1.5,210,92
2020-01-06 08:00:00,0.0,1013.8,1.5,200,92
2020-01-06 09:00:00,-0.6,1013.7,3.11,220,92
2020-01-06 10:00:00,0.0,1013.5,2.61,220,92
2020-01-06 11:00:00,0.0,1013.9,5.11,230,92
2020-01-06 12:00:00,0.6,1014.2,4.11,230,88
2020-01-06 13:00:00,0.6,1014.4,5.69,230,88
2020-01-06 14:00:00,1.1,1014.7,3.11,230,85
2020-01-06 15:00:00,1.7,1015.0,4.61,240,78
2020-01-06 16:00:00,2.8,1014.8,4.61,240,76
2020-01-06 17:00:00,6.1,1013.6,4.11,270,65
2020-01-06 18:00:00,6.7,1013.6,6.19,250,55
2020-01-06 19:00:00,6.7,1013.7,8.81,270,51
2020-01-06 20:00:00,7.2,1014.2,6.19,240,49
2020-01-06 21:00:00,7.2,1014.7,6.69,270,47
2020-01-06 22:00:00,6.1,1015.3,4.11,250,53
2020-01-06 23:00:00,3.9,1015.5,2.61,220,62
2020-01-07 00:00:00,5.0,1016.0,4.61,230,60
2020-01-07 01:00:00,5.0,1016.2,3.61,240,53
2020-01-07 02:00:00,4.4,1016.3,5.11,240,51
2020-01-07 03:00:00,5.0,1016.5,5.69,250,43
2020-01-07 04:00:00,4.4,1016.6,4.61,250,43
2020-01-07 05:00:00,3.3,1017.0,3.61,230,46
2020-01-07 06:00:00,2.8,1017.5,4.61,230,50
2020-01-07 07:00:00,1.7,1017.7,3.11,210,54
2020-01-07 08:00:00,1.1,1018.2,3.61,230,54
2020-01-07 09:00:00,2.2,1018.5,3.61,230,50
2020-01-07 10:00:00,1.1,1018.5,3.11,230,56
2020-01-07 11:00:00,1.7,1018.4,3.61,230,54
2020-01-07 12:00:00,2.2,1018.7,3.61,230,52
2020-01-07 13:00:00,2.2,1019.2,4.11,240,52
2020-01-07 14:00:00,2.8,1018.9,1.5,270,50
2020-01-07 15:00:00,5.0,1018.6,2.61,310,45
2020-01-07 16:00:00,6.7,1018.1,2.11,340,40
2020-01-07 17:00:00,6.1,1017.0,2.61,90,41
2020-01-07 18:00:00,6.1,1015.5,2.11,50,41
2020-01-07 19:00:00,6.7,1014.7,2.11,120,40
2020-01-07 20:00:00,6.1,1014.0,3.11,140,41
2020-01-07 21:00:00,5.6,1012.7,3.11,70,49
2020-01-07 22:00:00,6.1,1012.6,2.11,80,47
2020-01-07 23:00:00,5.6,1012.7,2.11,80,50
2020-01-08 00:00:00,5.0,1012.6,3.61,20,55
2020-01-08 01:00:00,3.9,1011.7,1.5,20,64
2020-01-08 02:00:00,3.9,1011.7,1.5,360,70
2020-01-08 03:00:00,3.3,1012.3,3.61,360,67
2020-01-08 04:00:00,3.3,1012.2,6.69,290,64
2020-01-08 05:00:00,1.7,1012.0,4.61,290,75
2020-01-08 06:00:00,1.1,1011.8,4.11,270,79
2020-01-08 07:00:00,0.6,1012.2,4.11,250,82
2020-01-08 08:00:00,0.6,1012.4,3.11,250,82
2020-01-08 09:00:00,-1.1,1012.4,3.61,200,85
2020-01-08 10:00:00,-0.6,1012.5,5.69,230,89
2020-01-08 11:00:00,-0.6,1012.8,7.19,240,89
2020-01-08 12:00:00,-0.6,1012.8,6.19,240,85
2020-01-08 13:00:00,0.0,1013.1,5.69,240,81
2020-01-08 14:00:00,1.1,1013.0,5.69,230,79
2020-01-08 15:00:00,2.2,1013.3,6.69,230,75
2020-01-08 16:00:00,4.4,1012.7,10.31,260,60
2020-01-08 17:00:00,6.1,1012.6,8.19,280,47
2020-01-08 18:00:00,6.1,1012.6,6.69,280,39
2020-01-08 19:00:00,6.7,1013.3,8.81,290,28
2020-01-08 20:00:00,6.1,1014.7,12.89,290,28
2020-01-08 21:00:00,2.2,1017.5,10.81,300,46
2020-01-08 22:00:00,1.7,1019.3,6.69,290,45
2020-01-08 23:00:00,1.7,1020.9,11.31,290,32
2020-01-09 00:00:00,0.6,1023.0,10.81,290,33
2020-01-09 01:00:00,0.0,1025.1,11.31,300,36
2020-01-09 02:00:00,-0.6,1026.0,9.81,300,38
2020-01-09 03:00:00,-1.1,1027.2,6.19,310,41
2020-01-09 04:00:00,-1.1,1028.4,8.81,300,41
2020-01-09 05:00:00,-1.7,1029.7,7.19,320,41
2020-01-09 06:00:00,-2.8,1031.0,7.69,310,42
2020-01-09 07:00:00,-3.3,1032.4,10.81,320,40
2020-01-09 08:00:00,-3.3,1033.8,5.11,300,42
2020-01-09 09:00:00,-3.9,1034.7,4.61,320,42
2020-01-09 10:00:00,-3.9,1036.0,6.69,320,42
2020-01-09 11:00:00,-4.4,1036.9,4.11,300,46
2020-01-09 12:00:00,-5.0,1038.6,4.11,320,50
2020-01-09 13:00:00,-4.4,1040.0,4.61,310,50
2020-01-09 14:00:00,-3.9,1040.7,5.69,320,46
2020-01-09 15:00:00,-2.8,1041.8,5.11,310,41
2020-01-09 16:00:00,-1.7,1041.2,3.11,313,36
2020-01-09 17:00:00,-0.6,1040.9,2.61,360,34
2020-01-09 18:00:00,0.6,1040.4,2.61,360,27
2020-01-09 19:00:00,0.6,1040.0,0.0,0,27
2020-01-09 20:00:00,0.6,1040.1,2.11,110,30
2020-01-09 21:00:00,0.6,1040.0,1.5,80,30
2020-01-09 22:00:00,-0.6,1040.5,1.5,220,36
2020-01-09 23:00:00,0.6,1040.9,2.11,210,32
2020-01-10 00:00:00,0.0,1040.5,1.5,180,38
2020-01-10 01:00:00,0.6,1040.5,2.61,150,38
2020-01-10 02:00:00,0.0,1040.7,3.11,190,43
2020-01-10 03:00:00,0.0,1040.6,2.11,180,51
2020-01-10 04:00:00,-0.6,1040.3,3.11,200,56
2020-01-10 05:00:00,-0.6,1039.4,3.61,190,61
2020-01-10 06:00:00,-1.1,1038.9,3.11,200,66
2020-01-10 07:00:00,0.0,1038.2,3.11,180,66
2020-01-10 08:00:00,0.0,1037.7,1.5,170,69
2020-01-10 09:00:00,0.0,1037.4,1.5,210,72
2020-01-10 10:00:00,-0.6,1036.6,2.61,240,76
2020-01-10 11:00:00,-0.6,1036.1,2.61,230,78
2020-01-10 12:00:00,1.7,1035.8,4.11,210,75
2020-01-10 13:00:00,1.7,1035.5,2.61,220,72
2020-01-10 14:00:00,2.8,1035.9,4.61,230,70
2020-01-10 15:00:00,3.9,1035.6,3.61,220,73
2020-01-10 16:00:00,4.4,1034.7,4.11,230,73
2020-01-10 17:00:00,5.6,1033.5,5.11,240,64
2020-01-10 18:00:00,7.8,1032.1,6.19,230,60
2020-01-10 19:00:00,10.0,1031.1,4.11,230,58
2020-01-10 20:00:00,12.2,1030.7,7.19,220,61
2020-01-10 21:00:00,12.8,1030.9,7.19,230,64
2020-01-10 22:00:00,11.7,1030.9,5.11,220,69
2020-01-10 23:00:00,11.7,1031.0,5.11,220,69
2020-01-11 00:00:00,11.7,1031.2,5.11,220,71
2020-01-11 01:00:00,11.7,1031.0,5.11,210,71
2020-01-11 02:00:00,11.1,1030.8,2.61,200,74
2020-01-11 03:00:00,10.0,1030.5,4.11,210,80
2020-01-11 04:00:00,10.0,1030.0,1.5,150,77
2020-01-11 05:00:00,9.4,1029.8,0.0,0,80
2020-01-11 06:00:00,10.0,1029.4,0.0,0,80
2020-01-11 07:00:00,9.4,1028.9,1.5,170,83
2020-01-11 08:00:00,9.4,1028.2,1.5,190,83
2020-01-11 09:00:00,11.7,1027.8,4.11,200,83
2020-01-11 10:00:00,11.1,1027.1,2.11,220,86
2020-01-11 11:00:00,12.2,1026.6,3.11,190,80
2020-01-11 12:00:00,13.3,1026.2,3.61,200,77
2020-01-11 13:00:00,13.9,1025.8,4.61,210,77
2020-01-11 14:00:00,15.0,1025.0,7.69,190,75
2020-01-11 15:00:00,16.7,1025.0,7.19,200,67
2020-01-11 16:00:00,18.3,1023.7,11.31,200,63
2020-01-11 17:00:00,19.4,1022.0,9.81,190,59
2020-01-11 18:00:00,21.1,1020.9,12.89,220,51
2020-01-11 19:00:00,20.0,1019.8,10.81,200,55
2020-01-11 20:00:00,20.0,1018.8,6.69,200,57
2020-01-11 21:00:00,19.4,1018.4,7.19,200,59
2020-01-11 22:00:00,18.9,1018.1,4.61,180,61
2020-01-11 23:00:00,16.1,1018.0,3.61,160,70
2020-01-12 00:00:00,15.6,1017.9,3.11,150,72
2020-01-12 01:00:00,16.1,1018.0,4.11,170,72
2020-01-12 02:00:00,17.2,1016.7,5.69,190,72
2020-01-12 03:00:00,17.2,1016.0,4.61,190,75
2020-01-12 04:00:00,17.8,1015.2,5.69,190,78
2020-01-12 05:00:00,18.9,1014.5,6.19,190,78
2020-01-12 06:00:00,18.3,1013.4,6.69,180,78
2020-01-12 07:00:00,16.7,1012.7,6.69,170,86
2020-01-12 08:00:00,18.3,1011.0,7.69,170,84
2020-01-12 09:00:00,18.9,1011.0,11.31,200,84
2020-01-12 10:00:00,18.3,1009.6,7.19,190,87
2020-01-12 11:00:00,18.9,1009.1,11.31,210,84
2020-01-12 12:00:00,19.4,1010.1,10.31,220,84
2020-01-12 13:00:00,18.9,1010.9,7.69,220,84
2020-01-12 14:00:00,18.9,1013.1,12.89,240,56
2020-01-12 15:00:00,19.4,1014.7,12.39,240,49
2020-01-12 16:00:00,19.4,1015.9,13.39,240,42
2020-01-12 17:00:00,19.4,1016.5,12.89,260,42
2020-01-12 18:00:00,20.0,1017.2,10.31,260,37
2020-01-12 19:00:00,19.4,1018.2,10.81,260,34
2020-01-12 20:00:00,19.4,1019.6,9.31,270,33
2020-01-12 21:00:00,17.8,1021.2,8.19,280,35
2020-01-12 22:00:00,16.1,1022.8,8.19,270,39
2020-01-12 23:00:00,14.4,1023.7,7.69,300,44
2020-01-13 00:00:00,13.3,1024.3,4.61,300,47
2020-01-13 01:00:00,12.8,1025.7,3.11,330,43
2020-01-13 02:00:00,11.7,1028.0,5.69,330,43
2020-01-13 03:00:00,9.4,1028.6,5.11,360,50
2020-01-13 04:00:00,8.9,1029.4,5.69,10,51
2020-01-13 05:00:00,7.2,1029.7,5.11,20,58
2020-01-13 06:00:00,5.0,1030.1,5.69,30,65
2020-01-13 07:00:00,3.9,1029.9,6.19,20,67
2020-01-13 08:00:00,3.3,1030.2,5.11,20,70
2020-01-13 09:00:00,2.8,1030.5,5.69,20,70
2020-01-13 10:00:00,2.8,1030.4,4.11,20,70
2020-01-13 11:00:00,1.7,1030.7,3.61,20,75
2020-01-13 12:00:00,1.7,1030.5,4.11,20,75
2020-01-13 13:00:00,2.2,1030.0,3.11,20,75
2020-01-13 14:00:00,3.3,1029.5,4.61,20,73
2020-01-13 15:00:00,4.4,1030.4,3.61,20,70
2020-01-13 16:00:00,5.0,1029.8,2.61,20,67
2020-01-13 17:00:00,6.1,1028.8,3.11,20,68
2020-01-13 18:00:00,6.1,1027.8,2.61,10,73
2020-01-13 19:00:00,6.7,1027.4,2.61,350,70
2020-01-13 20:00:00,7.2,1027.4,2.11,40,71
2020-01-13 21:00:00,7.2,1027.2,2.61,30,74
2020-01-13 22:00:00,7.2,1027.2,2.61,10,76
2020-01-13 23:00:00,7.2,1027.2,0.0,0,76
2020-01-14 00:00:00,6.7,1027.9,1.5,10,76
2020-01-14 01:00:00,7.2,1028.3,0.0,0,74
2020-01-14 02:00:00,6.7,1028.6,2.11,310,76
2020-01-14 03:00:00,5.6,1028.6,0.0,0,79
2020-01-14 04:00:00,5.6,1028.7,0.0,0,82
2020-01-14 05:00:00,3.9,1028.6,1.5,10,89
2020-01-14 06:00:00,5.0,1028.1,0.0,0,86
2020-01-14 07:00:00,3.9,1028.6,0.0,0,89
2020-01-14 08:00:00,3.3,1028.7,2.61,20,89
2020-01-14 09:00:00,2.8,1028.2,3.11,30,93
2020-01-14 10:00:00,3.3,1027.7,3.11,20,93
2020-01-14 11:00:00,2.8,1027.9,3.61,20,96
2020-01-14 12:00:00,2.8,1027.9,3.11,20,93
2020-01-14 13:00:00,2.8,1027.7,3.61,10,96
2020-01-14 14:00:00,3.9,1027.3,0.0,0,100
2020-01-14 15:00:00,4.4,1027.7,0.0,0,93
2020-01-14 16:00:00,6.7,1026.9,3.11,80,79
2020-01-14 17:00:00,7.2,1025.4,3.11,100,71
2020-01-14 18:00:00,7.2,1024.0,2.61,80,65
2020-01-14 19:00:00,7.8,1023.2,2.11,100,60
2020-01-14 20:00:00,7.8,1021.6,2.61,80,68
2020-01-14 21:00:00,7.2,1021.9,1.5,120,76
2020-01-14 22:00:00,6.7,1021.1,3.11,120,85
2020-01-14 23:00:00,6.7,1021.3,2.11,70,89
2020-01-15 00:00:00,6.1,1021.0,0.0,0,93
2020-01-15 01:00:00,6.1,1020.9,0.0,0,97
2020-01-15 02:00:00,6.7,1020.5,2.61,30,93
2020-01-15 03:00:00,5.0,1020.3,2.61,30,96
2020-01-15 04:00:00,5.6,1020.0,1.5,40,96
2020-01-15 05:00:00,6.1,1019.9,1.5,30,97
2020-01-15 06:00:00,6.1,1019.8,1.5,30,93
2020-01-15 07:00:00,6.7,1019.7,4.11,280,93
2020-01-15 08:00:00,6.7,1020.1,3.11,260,93
2020-01-15 09:00:00,5.6,1019.9,2.61,280,92
2020-01-15 10:00:00,5.6,1020.0,2.11,280,92
2020-01-15 11:00:00,5.6,1020.5,2.11,260,92
2020-01-15 12:00:00,6.1,1021.5,3.61,300,89
2020-01-15 13:00:00,6.1,1022.0,3.61,280,89
2020-01-15 14:00:00,7.2,1022.7,3.61,290,82
2020-01-15 15:00:00,8.3,1022.9,4.61,290,61
2020-01-15 16:00:00,9.4,1022.4,4.61,320,52
2020-01-15 17:00:00,10.0,1021.7,6.19,270,48
2020-01-15 18:00:00,10.6,1021.1,4.61,260,44
2020-01-15 19:00:00,11.1,1020.6,4.61,300,43
2020-01-15 20:00:00,11.1,1020.4,4.11,270,43
2020-01-15 21:00:00,10.0,1020.0,4.61,240,48
2020-01-15 22:00:00,9.4,1019.7,3.11,240,50
2020-01-15 23:00:00,8.9,1020.4,3.11,250,51
2020-01-16 00:00:00,8.3,1020.3,3.11,230,54
2020-01-16 01:00:00,7.2,1020.0,0.0,0,60
2020-01-16 02:00:00,6.7,1019.4,0.0,0,62
2020-01-16 03:00:00,6.7,1018.9,0.0,0,65
2020-01-16 04:00:00,7.2,1017.8,2.11,150,80
2020-01-16 05:00:00,7.2,1016.6,2.61,180,80
2020-01-16 06:00:00,7.2,1015.3,3.11,180,80
2020-01-16 07:00:00,6.7,1014.0,2.11,150,85
2020-01-16 08:00:00,6.7,1012.7,1.5,190,93
2020-01-16 09:00:00,7.2,1011.3,2.11,170,90
2020-01-16 10:00:00,7.2,1011.3,3.11,250,90
2020-01-16 11:00:00,7.2,1010.4,5.69,250,90
2020-01-16 12:00:00,7.2,1010.5,7.19,250,90
2020-01-16 13:00:00,7.8,1010.7,7.19,240,93
2020-01-16 14:00:00,9.4,1011.6,6.69,280,83
2020-01-16 15:00:00,8.3,1012.8,9.31,300,56
2020-01-16 16:00:00,8.9,1013.2,10.31,300,46
2020-01-16 17:00:00,8.9,1012.7,13.39,290,42
2020-01-16 18:00:00,8.9,1012.5,10.31,290,42
2020-01-16 19:00:00,8.3,1013.0,13.89,330,40
2020-01-16 20:00:00,4.4,1014.7,9.31,300,76
2020-01-16 21:00:00,5.0,1015.1,9.31,290,57
2020-01-16 22:00:00,4.4,1016.8,8.19,300,46
2020-01-16 23:00:00,4.4,1018.7,5.11,310,51
2020-01-17 00:00:00,3.3,1019.6,9.31,300,52
2020-01-17 01:00:00,2.8,1020.1,7.19,300,54
2020-01-17 02:00:00,2.2,1020.5,7.69,310,50
2020-01-17 03:00:00,1.7,1021.7,9.81,310,47
2020-01-17 04:00:00,1.7,1022.6,8.81,310,45
2020-01-17 05:00:00,1.1,1023.3,8.81,310,46
2020-01-17 06:00:00,0.6,1024.4,7.69,320,43
2020-01-17 07:00:00,-0.6,1026.0,10.31,310,45
2020-01-17 08:00:00,-1.1,1027.2,8.19,310,44
2020-01-17 09:00:00,-1.7,1028.2,10.31,320,45
2020-01-17 10:00:00,-2.8,1029.4,13.89,310,42
2020-01-17 11:00:00,-3.3,1031.9,8.19,330,44
2020-01-17 12:00:00,-5.0,1033.3,9.81,320,43
2020-01-17 13:00:00,-5.6,1035.4,8.81,330,45
2020-01-17 14:00:00,-5.0,1036.5,9.81,320,43
2020-01-17 15:00:00,-3.9,1037.8,10.81,330,38
2020-01-17 16:00:00,-2.8,1037.9,8.19,310,32
2020-01-17 17:00:00,-2.2,1037.7,7.69,310,29
2020-01-17 18:00:00,-1.1,1037.3,8.19,350,26
2020-01-17 19:00:00,-0.6,1037.3,5.69,310,25
2020-01-17 20:00:00,-0.6,1037.4,6.19,330,22
2020-01-17 21:00:00,-1.1,1037.6,6.69,330,21
2020-01-17 22:00:00,-2.2,1038.0,7.19,300,23
2020-01-17 23:00:00,-2.8,1038.5,4.61,310,28
2020-01-18 00:00:00,-3.3,1039.3,5.11,320,28
2020-01-18 01:00:00,-3.9,1039.0,7.19,330,30
2020-01-18 02:00:00,-4.4,1038.5,6.69,340,31
2020-01-18 03:00:00,-5.0,1039.0,3.61,330,35
2020-01-18 04:00:00,-5.6,1039.4,5.69,330,36
2020-01-18 05:00:00,-6.1,1039.1,5.69,350,39
2020-01-18 06:00:00,-6.1,1038.9,5.11,330,38
2020-01-18 07:00:00,-6.7,1038.3,3.11,320,41
2020-01-18 08:00:00,-6.7,1037.8,2.61,330,43
2020-01-18 09:00:00,-6.7,1036.9,2.61,10,43
2020-01-18 10:00:00,-6.1,1037.0,2.61,360,41
2020-01-18 11:00:00,-6.1,1037.2,2.11,280,41
2020-01-18 12:00:00,-6.1,1036.6,0.0,0,43
2020-01-18 13:00:00,-5.6,1035.8,1.5,10,40
2020-01-18 14:00:00,-5.0,1033.5,2.11,90,42
2020-01-18 15:00:00,-3.9,1033.5,3.11,200,44
2020-01-18 16:00:00,-2.8,1032.1,4.11,190,44
2020-01-18 17:00:00,-2.2,1030.7,4.11,200,46
2020-01-18 18:00:00,-5.0,1029.5,5.11,240,78
2020-01-18 19:00:00,-4.4,1026.5,1.5,160,88
2020-01-18 20:00:00,-3.3,1025.1,2.61,160,81
2020-01-18 21:00:00,-3.3,1023.2,3.61,170,81
2020-01-18 22:00:00,-2.8,1021.0,2.11,170,89
2020-01-18 23:00:00,-1.7,1018.6,1.5,160,92
2020-01-19 00:00:00,0.6,1016.3,5.11,170,92
2020-01-19 01:00:00,0.6,1014.1,3.61,180,92
2020-01-19 02:00:00,1.7,1012.3,4.61,190,92
2020-01-19 03:00:00,2.2,1010.1,7.69,220,92
2020-01-19 04:00:00,2.2,1008.6,7.69,230,89
2020-01-19 05:00:00,2.2,1007.4,6.69,220,89
2020-01-19 06:00:00,2.2,1006.2,4.61,230,92
2020-01-19 07:00:00,2.2,1006.2,4.61,260,97
2020-01-19 08:00:00,2.2,1005.8,4.61,250,97
2020-01-19 09:00:00,1.7,1005.3,3.11,220,96
2020-01-19 10:00:00,1.7,1005.3,3.11,210,96
2020-01-19 11:00:00,1.1,1005.5,3.11,220,97
2020-01-19 12:00:00,2.8,1006.1,4.11,250,82
2020-01-19 13:00:00,3.3,1006.0,5.69,280,73
2020-01-19 14:00:00,5.6,1006.1,8.19,280,62
2020-01-19 15:00:00,6.1,1006.6,7.69,270,62
2020-01-19 16:00:00,6.7,1007.5,9.31,280,58
2020-01-19 17:00:00,5.0,1007.6,9.81,290,60
2020-01-19 18:00:00,6.1,1007.4,9.81,270,51
2020-01-19 19:00:00,6.1,1007.4,8.19,290,47
2020-01-19 20:00:00,5.6,1008.0,7.19,270,46
2020-01-19 21:00:00,5.0,1009.0,9.81,280,46
2020-01-19 22:00:00,3.9,1010.5,7.19,310,42
2020-01-19 23:00:00,2.8,1011.8,8.19,300,42
2020-01-20 00:00:00,1.7,1012.8,5.69,300,44
2020-01-20 01:00:00,0.6,1013.6,4.61,290,47
2020-01-20 02:00:00,0.0,1014.2,5.69,270,54
2020-01-20 03:00:00,0.0,1014.8,7.69,290,47
2020-01-20 04:00:00,-0.6,1015.6,6.19,310,49
2020-01-20 05:00:00,-1.7,1016.4,11.31,320,46
2020-01-20 06:00:00,-3.3,1017.2,7.19,310,46
2020-01-20 07:00:00,-3.9,1017.5,8.81,310,48
2020-01-20 08:00:00,-4.4,1018.1,6.19,320,52
2020-01-20 09:00:00,-5.6,1018.9,9.81,320,55
2020-01-20 10:00:00,-5.6,1019.9,5.69,330,55
2020-01-20 11:00:00,-5.6,1020.9,7.19,340,55
2020-01-20 12:00:00,-6.1,1022.6,6.69,340,54
2020-01-20 13:00:00,-6.1,1024.0,7.19,350,54
2020-01-20 14:00:00,-5.0,1024.9,8.19,320,48
2020-01-20 15:00:00,-3.9,1025.7,7.19,340,46
2020-01-20 16:00:00,-2.2,1026.0,7.19,350,37
2020-01-20 17:00:00,-1.1,1025.8,7.69,330,30
2020-01-20 18:00:00,-0.6,1025.6,8.19,340,25
2020-01-20 19:00:00,0.0,1025.3,8.19,350,23
2020-01-20 20:00:00,0.6,1025.5,6.69,330,19
2020-01-20 21:00:00,0.0,1025.7,7.69,330,19
2020-01-20 22:00:00,-1.1,1026.3,6.69,310,22
2020-01-20 23:00:00,-1.7,1027.4,4.61,310,25
2020-01-21 00:00:00,-2.2,1028.0,3.61,300,29
2020-01-21 01:00:00,-2.8,1028.4,5.69,330,32
2020-01-21 02:00:00,-3.3,1028.6,4.61,340,32
2020-01-21 03:00:00,-3.9,1029.0,7.19,330,35
2020-01-21 04:00:00,-5.0,1029.6,4.11,330,39
2020-01-21 05:00:00,-5.6,1029.3,6.19,320,40
2020-01-21 06:00:00,-6.1,1029.0,4.61,330,49
2020-01-21 07:00:00,-6.1,1029.3,5.11,340,54
2020-01-21 08:00:00,-5.6,1029.7,4.11,330,55
2020-01-21 09:00:00,-6.1,1029.6,3.11,340,59
2020-01-21 10:00:00,-6.7,1029.9,2.61,310,62
2020-01-21 11:00:00,-6.1,1030.3,2.61,330,59
2020-01-21 12:00:00,-6.7,1031.0,3.11,270,65
2020-01-21 13:00:00,-5.6,1031.4,3.11,340,60
2020-01-21 14:00:00,-4.4,1031.7,4.61,340,57
2020-01-21 15:00:00,-2.8,1032.0,6.19,360,48
2020-01-21 16:00:00,-2.2,1031.8,3.11,300,46
2020-01-21 17:00:00,-0.6,1031.0,4.11,330,39
2020-01-21 18:00:00,0.6,1029.9,3.11,310,33
2020-01-21 19:00:00,1.7,1029.6,3.61,300,26
2020-01-21 20:00:00,1.7,1029.6,3.11,330,24
2020-01-21 21:00:00,0.6,1029.9,4.61,340,29
2020-01-21 22:00:00,0.0,1030.1,3.61,320,30
2020-01-21 23:00:00,0.0,1030.5,5.11,320,30
2020-01-22 00:00:00,-1.1,1031.3,5.69,320,34
2020-01-22 01:00:00,-1.7,1031.5,5.11,330,39
2020-01-22 02:00:00,-1.7,1031.6,4.61,340,43
2020-01-22 03:00:00,-2.2,1031.6,3.61,330,46
2020-01-22 04:00:00,-2.2,1031.5,3.11,310,46
2020-01-22 05:00:00,-2.8,1031.4,2.61,350,50
2020-01-22 06:00:00,-3.9,1031.0,2.11,310,55
2020-01-22 07:00:00,-3.9,1030.6,2.11,300,55
2020-01-22 08:00:00,-5.0,1030.5,1.5,220,62
2020-01-22 09:00:00,-4.4,1030.4,1.5,250,62
2020-01-22 10:00:00,-5.0,1030.4,2.61,250,65
2020-01-22 11:00:00,-5.0,1030.9,2.61,260,65
2020-01-22 12:00:00,-4.4,1031.3,3.11,270,62
2020-01-22 13:00:00,-3.9,1032.0,3.11,280,63
2020-01-22 14:00:00,-2.2,1032.5,4.11,310,58
2020-01-22 15:00:00,-0.6,1032.5,0.0,0,51
2020-01-22 16:00:00,0.0,1032.4,0.0,0,49
2020-01-22 17:00:00,1.7,1031.6,2.11,230,44
2020-01-22 18:00:00,2.2,1030.5,0.0,0,40
2020-01-22 19:00:00,3.9,1030.0,2.11,270,37
2020-01-22 20:00:00,4.4,1030.1,0.0,0,36
2020-01-22 21:00:00,4.4,1029.8,2.11,270,36
2020-01-22 22:00:00,3.3,1030.1,2.61,270,40
2020-01-22 23:00:00,1.7,1030.4,2.11,230,47
2020-01-23 00:00:00,2.8,1030.7,2.61,240,44
2020-01-23 01:00:00,2.2,1030.6,2.11,250,46
2020-01-23 02:00:00,1.1,1030.6,0.0,0,56
2020-01-23 03:00:00,0.0,1030.6,2.11,170,64
2020-01-23 04:00:00,-0.6,1030.7,0.0,0,69
2020-01-23 05:00:00,-1.1,1030.3,1.5,250,63
2020-01-23 06:00:00,-1.1,1029.6,2.61,260,63
2020-01-23 07:00:00,-1.1,1029.8,0.0,0,66
2020-01-23 08:00:00,-2.2,1029.3,1.5,240,69
2020-01-23 09:00:00,-2.2,1029.3,1.5,230,69
2020-01-23 10:00:00,-2.8,1029.4,1.5,190,72
2020-01-23 11:00:00,-3.9,1029.6,1.5,220,78
2020-01-23 12:00:00,-2.8,1030.2,1.5,200,72
2020-01-23 13:00:00,-2.2,1030.1,0.0,0,71
2020-01-23 14:00:00,0.0,1030.1,2.61,230,69
2020-01-23 15:00:00,2.2,1030.2,2.61,240,52
2020-01-23 16:00:00,4.4,1030.4,3.61,230,41
2020-01-23 17:00:00,5.6,1029.5,2.61,250,38
2020-01-23 18:00:00,6.7,1028.3,0.0,0,33
2020-01-23 19:00:00,7.2,1027.4,0.0,0,31
2020-01-23 20:00:00,7.8,1027.0,1.5,150,30
2020-01-23 21:00:00,7.2,1026.8,1.5,150,31
2020-01-23 22:00:00,6.1,1027.3,3.11,240,33
2020-01-23 23:00:00,6.7,1027.9,2.61,240,32
2020-01-24 00:00:00,6.1,1028.1,1.5,218,33
2020-01-24 01:00:00,5.6,1028.2,0.0,0,38
2020-01-24 02:00:00,3.9,1028.3,1.5,140,57
2020-01-24 03:00:00,2.8,1028.1,2.11,200,67
2020-01-24 04:00:00,3.9,1027.9,0.0,0,62
2020-01-24 05:00:00,3.3,1028.0,0.0,0,64
2020-01-24 06:00:00,3.3,1027.6,0.0,0,62
2020-01-24 07:00:00,2.8,1027.8,0.0,0,64
2020-01-24 08:00:00,2.8,1027.8,0.0,0,67
2020-01-24 09:00:00,2.2,1027.5,0.0,0,64
2020-01-24 10:00:00,1.1,1027.3,1.5,30,69
2020-01-24 11:00:00,0.6,1028.0,0.0,0,72
2020-01-24 12:00:00,0.6,1028.2,0.0,0,72
2020-01-24 13:00:00,1.1,1028.5,3.61,10,69
2020-01-24 14:00:00,2.8,1028.7,3.61,10,67
2020-01-24 15:00:00,5.6,1029.0,3.11,10,49
2020-01-24 16:00:00,8.3,1028.9,2.11,40,40
2020-01-24 17:00:00,9.4,1028.1,0.0,0,38
2020-01-24 18:00:00,10.6,1026.9,3.11,100,30
2020-01-24 19:00:00,10.0,1026.2,2.61,90,30
2020-01-24 20:00:00,10.6,1025.8,2.61,90,35
2020-01-24 21:00:00,10.0,1025.8,2.61,130,22
2020-01-24 22:00:00,9.4,1025.9,3.11,110,29
2020-01-24 23:00:00,7.8,1026.1,3.11,90,37
2020-01-25 00:00:00,7.2,1026.1,2.61,80,38
2020-01-25 01:00:00,7.2,1026.0,3.11,80,38
2020-01-25 02:00:00,7.2,1025.7,3.61,60,32
2020-01-25 03:00:00,6.1,1025.3,4.11,70,38
2020-01-25 04:00:00,5.6,1025.0,2.61,60,55
2020-01-25 05:00:00,3.3,1024.5,3.61,40,64
2020-01-25 06:00:00,4.4,1024.0,3.61,50,79
2020-01-25 07:00:00,4.4,1023.0,6.69,50,79
2020-01-25 08:00:00,4.4,1022.3,5.69,50,83
2020-01-25 09:00:00,4.4,1021.0,4.11,40,83
2020-01-25 10:00:00,4.4,1020.2,5.11,40,83
2020-01-25 11:00:00,4.4,1019.7,4.61,40,86
2020-01-25 12:00:00,4.4,1019.2,6.69,50,86
2020-01-25 13:00:00,3.9,1018.9,6.19,40,89
2020-01-25 14:00:00,4.4,1018.3,5.11,40,89
2020-01-25 15:00:00,5.6,1016.1,7.19,70,92
2020-01-25 16:00:00,6.1,1015.1,5.69,70,93
2020-01-25 17:00:00,7.2,1011.5,8.19,70,93
2020-01-25 18:00:00,9.4,1009.6,5.11,90,93
2020-01-25 19:00:00,9.4,1008.2,7.19,110,93
2020-01-25 20:00:00,9.4,1008.8,3.11,140,97
2020-01-25 21:00:00,11.1,1007.3,3.11,140,93
2020-01-25 22:00:00,10.6,1007.0,2.11,160,96
2020-01-25 23:00:00,11.1,1007.0,5.69,230,89
2020-01-26 00:00:00,8.9,1007.9,4.61,240,93
2020-01-26 01:00:00,7.8,1008.2,8.81,270,89
2020-01-26 02:00:00,6.7,1008.3,2.61,260,89
2020-01-26 03:00:00,6.7,1008.4,3.11,270,85
2020-01-26 04:00:00,5.6,1008.7,3.11,250,85
2020-01-26 05:00:00,5.0,1008.8,3.11,250,86
2020-01-26 06:00:00,3.9,1008.8,4.11,240,89
2020-01-26 07:00:00,3.9,1008.9,4.61,250,89
2020-01-26 08:00:00,3.3,1009.1,3.61,240,89
2020-01-26 09:00:00,2.2,1009.1,3.61,230,92
2020-01-26 10:00:00,2.2,1009.2,3.11,250,92
2020-01-26 11:00:00,2.2,1009.2,4.11,240,89
2020-01-26 12:00:00,1.1,1009.9,3.11,220,88
2020-01-26 13:00:00,2.8,1010.0,3.11,230,89
2020-01-26 14:00:00,3.3,1010.2,3.11,230,86
2020-01-26 15:00:00,5.6,1010.0,4.11,250,73
2020-01-26 16:00:00,7.2,1009.7,6.69,270,63
2020-01-26 17:00:00,7.8,1009.0,7.19,280,49
2020-01-26 18:00:00,8.9,1008.2,5.11,280,46
2020-01-26 19:00:00,7.8,1007.7,5.69,270,49
2020-01-26 20:00:00,7.8,1007.8,5.69,260,49
2020-01-26 21:00:00,7.2,1007.9,4.61,250,53
2020-01-26 22:00:00,7.2,1008.1,4.61,280,49
2020-01-26 23:00:00,6.7,1008.7,6.69,270,51
2020-01-27 00:00:00,5.6,1009.1,6.69,260,55
2020-01-27 01:00:00,5.0,1009.3,6.69,250,57
2020-01-27 02:00:00,4.4,1009.3,5.69,250,57
2020-01-27 03:00:00,3.3,1009.0,4.11,230,64
2020-01-27 04:00:00,2.8,1008.8,4.61,240,64
2020-01-27 05:00:00,2.2,1008.3,4.61,240,67
2020-01-27 06:00:00,0.6,1007.8,3.11,220,75
2020-01-27 07:00:00,1.1,1007.2,4.11,220,75
2020-01-27 08:00:00,2.2,1007.2,6.19,240,73
2020-01-27 09:00:00,2.2,1006.6,4.11,230,73
2020-01-27 10:00:00,2.2,1006.2,5.11,230,73
2020-01-27 11:00:00,2.2,1006.2,4.11,230,73
2020-01-27 12:00:00,2.2,1006.2,5.69,230,73
2020-01-27 13:00:00,2.8,1006.2,6.19,230,70
2020-01-27 14:00:00,3.9,1006.5,5.69,230,67
2020-01-27 15:00:00,4.4,1006.2,5.69,230,65
2020-01-27 16:00:00,5.6,1006.2,6.69,240,62
2020-01-27 17:00:00,6.1,1005.7,7.69,250,57
2020-01-27 18:00:00,6.1,1004.9,7.69,240,60
2020-01-27 19:00:00,6.1,1004.3,6.69,240,60
2020-01-27 20:00:00,7.2,1004.4,7.69,260,49
2020-01-27 21:00:00,7.8,1004.7,5.69,300,47
2020-01-27 22:00:00,6.7,1005.4,6.69,310,51
2020-01-27 23:00:00,6.7,1005.9,4.61,310,51
2020-01-28 00:00:00,6.1,1006.5,3.11,310,53
2020-01-28 01:00:00,6.1,1006.9,3.61,290,53
2020-01-28 02:00:00,6.1,1007.0,4.11,290,51
2020-01-28 03:00:00,5.6,1007.3,3.61,320,55
2020-01-28 04:00:00,5.0,1007.4,6.69,320,55
2020-01-28 05:00:00,4.4,1007.6,4.61,300,60
2020-01-28 06:00:00,4.4,1007.8,7.19,330,55
2020-01-28 07:00:00,3.9,1007.9,4.61,280,55
2020-01-28 08:00:00,3.9,1008.0,6.19,300,52
2020-01-28 09:00:00,3.3,1008.0,7.69,300,57
2020-01-28 10:00:00,3.3,1008.1,5.69,290,59
2020-01-28 11:00:00,3.3,1008.4,5.11,280,62
2020-01-28 12:00:00,3.3,1008.7,4.61,290,62
2020-01-28 13:00:00,3.3,1009.5,5.69,290,62
2020-01-28 14:00:00,3.9,1010.2,4.61,290,59
2020-01-28 15:00:00,5.0,1010.3,6.69,310,53
2020-01-28 16:00:00,6.1,1010.4,7.69,330,49
2020-01-28 17:00:00,6.7,1009.8,6.69,300,47
2020-01-28 18:00:00,7.2,1009.4,8.19,300,45
2020-01-28 19:00:00,6.7,1009.3,6.69,320,45
2020-01-28 20:00:00,5.6,1010.0,8.81,310,46
2020-01-28 21:00:00,5.0,1010.3,6.69,320,48
2020-01-28 22:00:00,5.0,1010.7,7.69,320,51
2020-01-28 23:00:00,4.4,1011.4,6.19,320,55
2020-01-29 00:00:00,4.4,1012.1,8.19,310,57
2020-01-29 01:00:00,4.4,1012.5,7.19,320,55
2020-01-29 02:00:00,3.9,1013.0,8.19,310,52
2020-01-29 03:00:00,3.9,1013.4,5.11,310,52
2020-01-29 04:00:00,3.9,1013.9,5.11,320,50
2020-01-29 05:00:00,3.3,1014.1,6.69,330,52
2020-01-29 06:00:00,2.8,1014.3,9.81,320,50
2020-01-29 07:00:00,2.8,1014.7,4.61,340,50
2020-01-29 08:00:00,2.8,1014.8,6.69,320,50
2020-01-29 09:00:00,2.2,1015.0,8.19,320,48
2020-01-29 10:00:00,2.2,1015.1,7.19,320,48
2020-01-29 11:00:00,1.7,1015.8,5.69,320,52
2020-01-29 12:00:00,1.1,1016.9,6.69,340,52
2020-01-29 13:00:00,1.1,1017.8,6.19,320,50
2020-01-29 14:00:00,0.6,1018.8,7.69,360,51
2020-01-29 15:00:00,1.7,1019.1,4.61,340,47
2020-01-29 16:00:00,2.8,1019.3,6.69,340,44
2020-01-29 17:00:00,3.9,1019.0,5.28,310,41
2020-01-29 18:00:00,4.4,1018.3,5.11,310,39
2020-01-29 19:00:00,5.6,1017.9,7.19,340,34
2020-01-29 20:00:00,5.6,1018.0,7.19,360,33
2020-01-29 21:00:00,5.0,1018.1,6.69,350,31
2020-01-29 22:00:00,3.9,1018.3,5.11,350,34
2020-01-29 23:00:00,3.9,1018.9,5.11,340,36
2020-01-30 00:00:00,3.3,1019.9,3.11,330,37
2020-01-30 01:00:00,2.8,1020.8,5.11,340,38
2020-01-30 02:00:00,1.1,1021.6,6.19,10,46
2020-01-30 03:00:00,-0.6,1022.2,4.61,20,47
2020-01-30 04:00:00,-1.7,1022.5,3.61,30,56
2020-01-30 05:00:00,-2.8,1022.9,3.11,30,58
2020-01-30 06:00:00,-1.7,1023.1,5.11,10,56
2020-01-30 07:00:00,-2.8,1023.5,5.11,10,58
2020-01-30 08:00:00,-3.3,1024.0,3.61,360,60
2020-01-30 09:00:00,-3.3,1024.3,4.61,10,63
2020-01-30 10:00:00,-3.3,1024.2,6.69,10,63
2020-01-30 11:00:00,-4.4,1024.6,5.11,20,68
2020-01-30 12:00:00,-4.4,1025.4,5.69,20,68
2020-01-30 13:00:00,-3.9,1025.9,5.69,10,63
2020-01-30 14:00:00,-2.8,1026.5,6.69,360,50
2020-01-30 15:00:00,-1.1,1027.0,4.61,20,43
2020-01-30 16:00:00,0.0,1027.7,3.61,30,41
2020-01-30 17:00:00,0.6,1027.6,1.5,51,38
2020-01-30 18:00:00,0.6,1026.9,0.0,0,41
2020-01-30 19:00:00,2.2,1026.2,2.11,77,37
2020-01-30 20:00:00,2.2,1026.4,1.5,94,40
2020-01-30 21:00:00,2.8,1026.6,0.0,0,48
2020-01-30 22:00:00,1.7,1026.7,3.11,190,61
2020-01-30 23:00:00,1.1,1027.0,2.11,140,64
2020-01-31 00:00:00,1.1,1027.2,1.5,153,67
2020-01-31 01:00:00,1.7,1027.4,0.0,0,69
2020-01-31 02:00:00,1.1,1027.7,0.0,0,73
2020-01-31 03:00:00,0.6,1027.6,1.5,40,78
2020-01-31 04:00:00,0.0,1027.5,2.11,20,79
2020-01-31 05:00:00,-1.1,1027.3,2.61,10,78
2020-01-31 06:00:00,0.0,1027.1,2.61,20,75
2020-01-31 07:00:00,0.0,1027.3,3.61,30,72
2020-01-31 08:00:00,-0.6,1027.2,3.11,20,72
2020-01-31 09:00:00,0.0,1027.4,2.11,10,69
2020-01-31 10:00:00,-1.7,1027.1,3.11,20,72
2020-01-31 11:00:00,0.0,1027.2,2.61,30,72
2020-01-31 12:00:00,0.0,1027.3,2.61,20,72
2020-01-31 13:00:00,0.6,1027.4,2.61,20,72
2020-01-31 14:00:00,1.7,1027.4,2.61,20,69
2020-01-31 15:00:00,2.8,1027.3,2.61,20,67
2020-01-31 16:00:00,3.9,1027.3,1.5,20,64
2020-01-31 17:00:00,5.6,1026.6,1.5,120,62
2020-01-31 18:00:00,6.1,1025.8,2.11,120,68
2020-01-31 19:00:00,6.1,1025.3,2.11,120,70
2020-01-31 20:00:00,6.1,1023.9,3.61,110,70
2020-01-31 21:00:00,6.1,1023.9,3.11,100,70
2020-01-31 22:00:00,5.6,1023.6,2.11,120,73
2020-01-31 23:00:00,5.6,1023.6,2.11,130,73
2020-02-01 00:00:00,5.0,1023.9,2.11,90,76
2020-02-01 01:00:00,5.0,1023.4,0.0,0,79
2020-02-01 02:00:00,5.0,1023.5,0.0,0,82
2020-02-01 03:00:00,5.0,1022.4,0.0,0,86
2020-02-01 04:00:00,4.4,1021.6,0.0,0,89
2020-02-01 05:00:00,3.9,1021.1,2.11,10,89
2020-02-01 06:00:00,3.9,1019.7,3.11,20,89
2020-02-01 07:00:00,3.3,1019.0,3.11,20,93
2020-02-01 08:00:00,2.8,1018.6,2.11,40,93
2020-02-01 09:00:00,2.2,1017.9,1.5,20,97
2020-02-01 10:00:00,2.8,1017.7,0.0,0,93
2020-02-01 11:00:00,3.3,1016.7,1.5,70,93
2020-02-01 12:00:00,3.3,1016.7,0.0,0,93
2020-02-01 13:00:00,3.9,1016.9,0.0,0,89
2020-02-01 14:00:00,4.4,1016.0,1.5,160,89
2020-02-01 15:00:00,5.0,1015.7,0.0,0,89
2020-02-01 16:00:00,5.6,1014.5,2.11,170,85
2020-02-01 17:00:00,5.6,1012.5,0.0,0,85
2020-02-01 18:00:00,5.6,1011.5,2.61,260,82
2020-02-01 19:00:00,5.6,1010.3,2.61,260,82
2020-02-01 20:00:00,6.7,1009.0,0.0,0,76
2020-02-01 21:00:00,6.1,1008.1,2.11,90,76
2020-02-01 22:00:00,6.1,1007.9,2.61,320,73
2020-02-01 23:00:00,6.1,1007.5,4.11,330,70
2020-02-02 00:00:00,6.1,1007.7,4.11,320,70
2020-02-02 01:00:00,6.1,1006.9,3.61,320,68
2020-02-02 02:00:00,5.6,1006.5,1.5,300,70
2020-02-02 03:00:00,5.0,1005.9,1.5,280,76
2020-02-02 04:00:00,4.4,1005.4,2.61,320,76
2020-02-02 05:00:00,3.9,1005.1,4.11,300,82
2020-02-02 06:00:00,3.9,1004.3,2.11,270,82
2020-02-02 07:00:00,3.9,1003.8,0.0,0,82
2020-02-02 08:00:00,3.3,1002.9,2.11,290,83
2020-02-02 09:00:00,3.3,1002.6,2.61,260,86
2020-02-02 10:00:00,3.3,1002.5,2.61,270,89
2020-02-02 11:00:00,2.8,1002.8,4.11,290,89
2020-02-02 12:00:00,2.2,1003.2,2.61,290,89
2020-02-02 13:00:00,2.2,1003.4,3.11,260,89
2020-02-02 14:00:00,3.9,1003.4,2.61,260,86
2020-02-02 15:00:00,5.0,1003.1,4.11,280,73
2020-02-02 16:00:00,5.6,1003.1,4.61,270,67
2020-02-02 17:00:00,5.6,1001.8,6.19,280,59
2020-02-02 18:00:00,6.7,1000.2,5.69,280,53
2020-02-02 19:00:00,6.1,999.1,5.69,250,53
2020-02-02 20:00:00,6.7,998.6,5.69,250,53
2020-02-02 21:00:00,3.9,999.2,7.19,250,76
2020-02-02 22:00:00,1.7,1000.2,4.11,250,92
2020-02-02 23:00:00,2.2,1000.9,4.11,240,89
2020-02-03 00:00:00,2.2,1001.2,3.61,230,92
2020-02-03 01:00:00,2.2,1001.2,3.11,230,92
2020-02-03 02:00:00,2.2,1000.8,3.11,230,92
2020-02-03 03:00:00,1.7,1000.7,2.61,220,92
2020-02-03 04:00:00,2.2,1001.1,2.61,220,92
2020-02-03 05:00:00,2.2,1001.2,3.11,240,92
2020-02-03 06:00:00,2.2,1001.7,3.61,240,92
2020-02-03 07:00:00,2.8,1002.6,3.61,250,93
2020-02-03 08:00:00,2.8,1002.9,3.11,240,93
2020-02-03 09:00:00,2.8,1003.7,2.61,270,93
2020-02-03 10:00:00,2.8,1004.9,0.0,0,93
2020-02-03 11:00:00,1.7,1006.4,2.11,210,92
2020-02-03 12:00:00,3.9,1008.0,2.61,180,89
2020-02-03 13:00:00,4.4,1009.5,1.5,150,86
2020-02-03 14:00:00,6.7,1010.6,4.11,230,79
2020-02-03 15:00:00,6.7,1011.5,3.61,200,76
2020-02-03 16:00:00,10.0,1011.8,3.11,230,66
2020-02-03 17:00:00,11.1,1011.7,3.61,260,52
2020-02-03 18:00:00,12.8,1011.0,6.19,260,45
2020-02-03 19:00:00,13.3,1010.6,5.11,260,42
2020-02-03 20:00:00,14.4,1010.2,5.11,230,40
2020-02-03 21:00:00,13.9,1009.8,4.11,210,40
2020-02-03 22:00:00,13.3,1010.9,6.19,230,42
2020-02-03 23:00:00,12.8,1011.5,3.61,240,43
2020-02-04 00:00:00,12.2,1011.6,2.61,240,45
2020-02-04 01:00:00,10.6,1011.5,0.0,0,54
2020-02-04 02:00:00,10.0,1011.2,0.0,0,56
2020-02-04 03:00:00,9.4,1010.9,0.0,0,59
2020-02-04 04:00:00,8.9,1010.9,0.0,0,61
2020-02-04 05:00:00,7.8,1010.5,0.0,0,68
2020-02-04 06:00:00,6.7,1009.6,0.0,0,76
2020-02-04 07:00:00,6.1,1009.7,2.11,20,79
2020-02-04 08:00:00,5.6,1009.3,1.5,10,79
2020-02-04 09:00:00,5.6,1008.7,4.11,10,79
2020-02-04 10:00:00,6.1,1009.4,2.11,350,76
2020-02-04 11:00:00,6.1,1008.6,5.11,10,76
2020-02-04 12:00:00,6.1,1009.8,3.11,30,79
2020-02-04 13:00:00,6.7,1009.6,0.0,0,79
2020-02-04 14:00:00,7.2,1010.4,0.0,0,80
2020-02-04 15:00:00,8.3,1010.2,0.0,0,74
2020-02-04 16:00:00,8.9,1010.6,2.11,160,77
2020-02-04 17:00:00,10.6,1009.8,3.61,240,71
2020-02-04 18:00:00,11.7,1008.2,3.61,210,66
2020-02-04 19:00:00,13.3,1007.4,5.11,230,67
2020-02-04 20:00:00,13.9,1007.5,3.61,230,64
2020-02-04 21:00:00,15.0,1007.5,3.11,240,62
2020-02-04 22:00:00,14.4,1007.8,3.61,250,67
2020-02-04 23:00:00,13.3,1008.5,1.5,220,69
2020-02-05 00:00:00,13.9,1008.7,2.61,220,69
2020-02-05 01:00:00,14.4,1008.6,0.0,0,70
2020-02-05 02:00:00,12.8,1008.6,1.5,190,80
2020-02-05 03:00:00,12.8,1008.2,0.0,0,80
2020-02-05 04:00:00,12.2,1008.0,0.0,0,86
2020-02-05 05:00:00,12.2,1007.6,1.5,40,83
2020-02-05 06:00:00,10.0,1008.7,8.81,350,80
2020-02-05 07:00:00,7.2,1009.4,6.19,360,90
2020-02-05 08:00:00,5.6,1010.7,8.19,350,82
2020-02-05 09:00:00,5.0,1011.4,8.19,350,79
2020-02-05 10:00:00,5.0,1012.9,5.69,350,76
2020-02-05 11:00:00,5.0,1013.3,6.69,340,65
2020-02-05 12:00:00,5.0,1014.2,5.11,350,62
2020-02-05 13:00:00,5.0,1015.8,4.11,10,62
2020-02-05 14:00:00,5.0,1017.1,5.69,330,60
2020-02-05 15:00:00,5.0,1017.4,4.11,340,57
2020-02-05 16:00:00,5.6,1017.6,4.61,330,46
2020-02-05 17:00:00,6.1,1017.5,3.61,310,43
2020-02-05 18:00:00,6.1,1017.1,3.61,330,38
2020-02-05 19:00:00,5.6,1017.5,4.11,320,39
2020-02-05 20:00:00,5.6,1017.4,3.61,10,44
2020-02-05 21:00:00,5.6,1017.7,1.5,350,46
2020-02-05 22:00:00,5.6,1018.0,2.61,30,50
2020-02-05 23:00:00,5.6,1017.9,3.11,30,49
2020-02-06 00:00:00,5.6,1018.1,3.11,30,43
2020-02-06 01:00:00,5.0,1018.3,3.11,70,41
2020-02-06 02:00:00,5.0,1017.5,3.61,90,38
2020-02-06 03:00:00,5.0,1016.9,2.61,70,39
2020-02-06 04:00:00,5.0,1015.1,3.11,90,43
2020-02-06 05:00:00,4.4,1013.9,3.61,100,55
2020-02-06 06:00:00,2.8,1013.5,2.11,110,78
2020-02-06 07:00:00,2.2,1012.3,2.11,50,89
2020-02-06 08:00:00,2.8,1011.1,2.11,10,96
2020-02-06 09:00:00,3.9,1009.2,1.5,60,93
2020-02-06 10:00:00,4.4,1006.7,2.11,30,93
2020-02-06 11:00:00,3.9,1006.8,4.11,30,93
2020-02-06 12:00:00,3.3,1005.5,4.61,20,97
2020-02-06 13:00:00,3.9,1005.0,5.69,360,96
2020-02-06 14:00:00,4.4,1005.3,4.61,10,97
2020-02-06 15:00:00,5.0,1004.1,3.61,30,96
2020-02-06 16:00:00,5.6,1003.4,3.11,30,96
2020-02-06 17:00:00,5.6,1001.7,3.61,30,96
2020-02-06 18:00:00,5.6,1001.4,3.11,30,96
2020-02-06 19:00:00,5.6,1000.3,2.61,40,96
2020-02-06 20:00:00,5.6,1000.1,2.61,10,96
2020-02-06 21:00:00,5.0,999.6,4.61,30,96
2020-02-06 22:00:00,5.0,999.4,3.11,30,96
2020-02-06 23:00:00,5.0,997.9,4.11,40,96
2020-02-07 00:00:00,5.0,998.3,3.61,30,93
2020-02-07 01:00:00,4.4,998.2,5.11,40,93
2020-02-07 02:00:00,4.4,998.0,3.11,20,93
2020-02-07 03:00:00,4.4,995.1,1.5,90,97
2020-02-07 04:00:00,5.0,996.6,1.5,90,93
2020-02-07 05:00:00,5.0,996.4,0.0,0,93
2020-02-07 06:00:00,4.4,995.1,3.11,30,97
2020-02-07 07:00:00,3.9,994.7,2.61,20,96
2020-02-07 08:00:00,4.4,993.6,2.11,40,97
2020-02-07 09:00:00,4.4,992.0,1.5,60,97
2020-02-07 10:00:00,4.4,989.7,2.61,60,100
2020-02-07 11:00:00,5.0,987.9,2.11,60,100
2020-02-07 12:00:00,5.0,986.1,4.61,10,96
2020-02-07 13:00:00,4.4,984.0,4.61,10,97
2020-02-07 14:00:00,5.0,982.4,2.61,30,100
2020-02-07 15:00:00,7.2,979.5,3.11,360,100
2020-02-07 16:00:00,10.6,976.8,0.0,0,96
2020-02-07 17:00:00,13.3,982.1,11.31,230,80
2020-02-07 18:00:00,10.0,978.2,13.39,250,77
2020-02-07 19:00:00,8.3,982.2,19.0,260,71
2020-02-07 20:00:00,5.0,986.1,11.81,260,79
2020-02-07 21:00:00,3.3,990.2,12.89,260,73
2020-02-07 22:00:00,2.8,993.8,10.31,270,64
2020-02-07 23:00:00,2.2,996.2,10.31,260,62
2020-02-08 00:00:00,2.2,998.0,8.19,280,59
2020-02-08 01:00:00,2.2,999.8,7.69,280,56
2020-02-08 02:00:00,2.2,1001.9,6.69,280,56
2020-02-08 03:00:00,1.7,1004.0,7.19,290,56
2020-02-08 04:00:00,1.1,1006.3,10.81,300,46
2020-02-08 05:00:00,0.6,1007.8,4.61,290,53
2020-02-08 06:00:00,0.6,1009.4,7.69,270,53
2020-02-08 07:00:00,-0.6,1011.2,8.81,270,49
2020-02-08 08:00:00,-1.1,1012.8,5.69,280,53
2020-02-08 09:00:00,-1.1,1014.4,5.11,270,53
2020-02-08 10:00:00,-0.6,1016.0,6.19,290,49
2020-02-08 11:00:00,-1.1,1017.4,6.19,280,53
2020-02-08 12:00:00,-1.1,1019.0,4.11,270,53
2020-02-08 13:00:00,0.0,1020.3,3.11,260,51
2020-02-08 14:00:00,0.6,1021.2,7.69,260,51
2020-02-08 15:00:00,2.2,1021.7,6.69,270,48
2020-02-08 16:00:00,3.3,1022.1,8.81,260,46
2020-02-08 17:00:00,3.3,1022.2,7.69,270,46
2020-02-08 18:00:00,5.0,1021.9,7.69,250,39
2020-02-08 19:00:00,5.6,1021.6,8.19,260,38
2020-02-08 20:00:00,4.4,1021.8,7.69,240,39
2020-02-08 21:00:00,5.0,1022.7,4.61,260,38
2020-02-08 22:00:00,4.4,1023.5,5.11,250,41
2020-02-08 23:00:00,3.3,1024.3,2.61,250,44
2020-02-09 00:00:00,2.8,1025.4,2.61,240,44
2020-02-09 01:00:00,1.1,1026.0,2.11,240,52
2020-02-09 02:00:00,1.1,1026.6,2.61,230,54
2020-02-09 03:00:00,1.7,1027.1,1.5,270,52
2020-02-09 04:00:00,1.1,1027.8,3.11,350,56
2020-02-09 05:00:00,-1.7,1028.4,2.61,10,78
2020-02-09 06:00:00,-1.1,1028.8,4.11,20,85
2020-02-09 07:00:00,-0.6,1029.3,3.11,20,82
2020-02-09 08:00:00,0.0,1029.9,3.11,30,81
2020-02-09 09:00:00,-0.6,1030.3,3.11,20,85
2020-02-09 10:00:00,-1.1,1030.7,4.61,10,85
2020-02-09 11:00:00,-1.1,1031.1,3.11,30,81
2020-02-09 12:00:00,-1.1,1032.0,4.11,20,81
2020-02-09 13:00:00,0.0,1032.7,4.11,30,79
2020-02-09 14:00:00,0.6,1033.3,3.61,20,72
2020-02-09 15:00:00,2.8,1033.6,4.11,30,67
2020-02-09 16:00:00,3.9,1033.7,0.0,0,64
2020-02-09 17:00:00,5.0,1033.4,2.11,92,60
2020-02-09 18:00:00,5.6,1032.6,0.0,0,57
2020-02-09 19:00:00,7.2,1031.8,3.11,70,53
2020-02-09 20:00:00,7.2,1030.8,2.61,150,53
2020-02-09 21:00:00,6.1,1031.0,5.11,360,60
2020-02-09 22:00:00,5.0,1030.9,4.11,20,65
2020-02-09 23:00:00,3.3,1030.9,3.11,20,73
2020-02-10 00:00:00,3.3,1031.7,3.61,30,73
2020-02-10 01:00:00,3.3,1031.0,3.11,30,73
2020-02-10 02:00:00,3.3,1030.5,1.5,50,73
2020-02-10 03:00:00,3.9,1030.4,0.0,0,73
2020-02-10 04:00:00,5.0,1029.1,5.11,190,60
2020-02-10 05:00:00,5.0,1027.8,4.11,180,60
2020-02-10 06:00:00,5.0,1027.3,2.61,180,65
2020-02-10 07:00:00,5.6,1026.7,3.61,190,64
2020-02-10 08:00:00,5.6,1025.6,3.61,180,67
2020-02-10 09:00:00,5.6,1024.5,3.61,180,67
2020-02-10 10:00:00,5.6,1023.8,3.11,180,70
2020-02-10 11:00:00,5.6,1022.5,4.11,190,73
2020-02-10 12:00:00,5.0,1022.1,4.61,190,82
2020-02-10 13:00:00,5.6,1021.5,4.61,190,82
2020-02-10 14:00:00,6.7,1021.3,6.19,220,79
2020-02-10 15:00:00,7.2,1020.9,7.69,230,76
2020-02-10 16:00:00,7.8,1020.1,6.69,230,73
2020-02-10 17:00:00,8.3,1018.9,7.19,220,74
2020-02-10 18:00:00,7.8,1019.0,7.19,240,76
2020-02-10 19:00:00,7.2,1018.9,5.11,240,86
2020-02-10 20:00:00,7.2,1019.1,3.11,220,90
2020-02-10 21:00:00,7.2,1019.3,5.69,220,90
2020-02-10 22:00:00,6.7,1019.5,6.19,220,93
2020-02-10 23:00:00,6.7,1019.8,4.61,220,93
2020-02-11 00:00:00,6.7,1020.1,2.61,220,93
2020-02-11 01:00:00,6.7,1020.3,2.61,220,93
2020-02-11 02:00:00,6.7,1020.5,2.61,220,93
2020-02-11 03:00:00,6.7,1020.7,2.61,210,93
2020-02-11 04:00:00,6.7,1020.3,2.11,230,93
2020-02-11 05:00:00,6.7,1019.0,0.0,0,96
2020-02-11 06:00:00,6.7,1018.9,0.0,0,100
2020-02-11 07:00:00,6.7,1018.7,0.0,0,100
2020-02-11 08:00:00,6.7,1017.5,0.0,0,96
2020-02-11 09:00:00,6.7,1016.6,1.5,70,96
2020-02-11 10:00:00,6.7,1016.1,0.0,0,96
2020-02-11 11:00:00,7.2,1015.7,0.0,0,97
2020-02-11 12:00:00,7.2,1016.0,0.0,0,97
2020-02-11 13:00:00,7.2,1015.1,2.61,20,97
2020-02-11 14:00:00,7.2,1014.5,2.61,30,97
2020-02-11 15:00:00,7.2,1013.5,3.61,30,97
